{"cameraMode":{"drawMode":0,"name":"Shaded","section":"Shading Mode"},"sceneLighting":true,"audioPlay":false,"sceneViewState":{"m_AlwaysRefresh":false,"showFog":true,"showSkybox":true,"showFlares":true,"showImageEffects":true,"showParticleSystems":true,"showVisualEffectGraphs":true,"m_FxEnabled":true},"in2DMode":false,"pivot":{"x":3.8213300704956056,"y":2.8255701065063478,"z":1.832540512084961},"rotation":{"x":0.028181608766317369,"y":-0.018893888220191003,"z":-0.0005328993429429829,"w":-0.9994261264801025},"size":7.703538417816162,"orthographic":false}