{"cameraMode":{"drawMode":0,"name":"Shaded","section":"Shading Mode"},"sceneLighting":false,"audioPlay":false,"sceneViewState":{"m_AlwaysRefresh":false,"showFog":true,"showSkybox":false,"showFlares":true,"showImageEffects":true,"showParticleSystems":true,"showVisualEffectGraphs":true,"m_FxEnabled":true},"in2DMode":false,"pivot":{"x":-4.562457084655762,"y":0.5444581508636475,"z":-1.6856811046600342},"rotation":{"x":-0.014976339414715767,"y":-0.05546526983380318,"z":-0.0008320414926856756,"w":0.9983478784561157},"size":1.597939372062683,"orthographic":false}